Reg no,1. Name of national platform or if regional* (Choose from drop-down menu),2. Name of facility* (Choose from drop-down menu),3. DOI number - Prioritized identification of publication*,"4a. If no DOI number exists, report other publication identification number and type (e.g. PMID, PMCID, Manuscript ID)","4b. If no DOI number exists, Report Journal impact factor 2015",5. Type of publication (Choose from drop-down menu)*,"Registered by*
Please write your email address",ISSN,Title,Authors,Journal
4,Drug Discovery and Development,Protein Expression and Characterization,10.1158/0008-5472.CAN-16-1476,,8.556,Service,anders.olsson@scilifelab.se,0008-5472 1538-7445,Crystal structure of the emerging cancer target MTHFD2 in complex with a substra...,"Gustafsson R, Jemth A, ..., Stenmark P",CANCER RES,27899380
5,Drug Discovery and Development,ADME of Therapeutics (UDOPP),DOI: 10.1021/acschemneuro.6b00146,,3.94,Collaborative,pawel.baranczewski@farmaci.uu.se,1948-7193 1948-7193,Aryl Sulfonamide Inhibitors of Insulin-Regulated Aminopeptidase Enhance Spine De...,"Diwakarla S, Nylander E, ..., Hallberg M",,
7,National Bioinformatics Infrastructure Sweden,Bioinformatics Long-term Support WABI,10.1038/ncomms13642,,11.329,Collaborative,bjorn.nystedt@scilifelab.se,2041-1723,Production of individualized V gene databases reveals high levels of immunoglobu...,"Corcoran MM, Phad GE, ..., Hedestam GBK",NAT COMMUN,27995928
9,Affinity proteomics,Tissue profiling,10.1111/jop.12545,,1.859,Collaborative,per-henrik.edqvist@igp.uu.se,0904-2512,Cetuximab sensitivity of head and neck squamous cell carcinoma xenografts is ass...,"Jedlinski A, Garvin S, ..., Roberg K",J ORAL PATHOL MED,28036101
11,National Bioinformatics Infrastructure Sweden,Bioinformatics Short-term Support and Infrastructure (BILS),10.1109/JSTSP.2015.2491304,,2.569,Collaborative,petter.ranefall@it.uu.se,1932-4553 1941-0484,Segmentation and Track-Analysis in Time-Lapse Imaging of Bacteria,"Sadanandan SK, Baltekin O, ..., Wahlby C",IEEE J-STSP,
26,National Bioinformatics Infrastructure Sweden,Bioinformatics Long-term Support WABI,10.1101/085050,,?,Technology development,bjorn.nystedt@scilifelab.se,,WhatsHap: fast and accurate read-based phasing,"Martin M, Patterson M, ..., Marschall T",bioRxiv (e),
56,National Genomics Infrastructure,NGI Stockholm (Genomics Production),10.5194/bg-13-4751-2016,-,4.10,Service,ellen.sherwood@scilifelab.se,1726-4189,Effects of wastewater treatment plant effluent inputs on planktonic metabolic ra...,"Vaquer-Sunyer R, Reader HE, ..., Kritzberg ES",Biogeosciences (e),
61,National Genomics Infrastructure,NGI Stockholm (Genomics Production),10.1210/en.2016-1758,-,4.159,Service,ellen.sherwood@scilifelab.se,0013-7227 1945-7170,The human adrenal gland proteome defined by transcriptomics and antibody-based p...,"Bergman J, Botling J, ..., Pontén F",ENDOCRINOLOGY,27901589
65,National Genomics Infrastructure,NGI Stockholm (Genomics Production),10.3389/fmicb.2016.01883,-,4.165,Service,ellen.sherwood@scilifelab.se,1664-302X,Phylogenetic Signals of Salinity and Season in Bacterial Community Composition A...,"Herlemann DPR, Lundin D, ..., Jürgens K",FRONT MICROBIOL,27933046
79,National Genomics Infrastructure,NGI Stockholm (Genomics Applications),10.5194/bg-13-4751-2016,,4.10,Service,max.kaller@scilifelab.se,1726-4189,Effects of wastewater treatment plant effluent inputs on planktonic metabolic ra...,"Vaquer-Sunyer R, Reader HE, ..., Kritzberg ES",Biogeosciences (e),
84,National Genomics Infrastructure,NGI Stockholm (Genomics Applications),10.1210/en.2016-1758,,4.159,Service,max.kaller@scilifelab.se,0013-7227 1945-7170,The human adrenal gland proteome defined by transcriptomics and antibody-based p...,"Bergman J, Botling J, ..., Pontén F",ENDOCRINOLOGY,27901589
88,National Genomics Infrastructure,NGI Stockholm (Genomics Applications),10.3389/fmicb.2016.01883,,4.165,Service,max.kaller@scilifelab.se,1664-302X,Phylogenetic Signals of Salinity and Season in Bacterial Community Composition A...,"Herlemann DPR, Lundin D, ..., Jürgens K",FRONT MICROBIOL,27933046
110,Affinity Proteomics,Fluorescence Tissue Profiling,10.18632/oncotarget.9632,,5.008,Collaborative,jan.mulder@scilifelab.se,1949-2553,Survival-associated heterogeneity of marker-defined perivascular cells in colore...,"Mezheyeuski A, Bradic Lindh M, ..., Östman A",ONCOTARGET,27248825
116,Affinity Proteomics,PLA Proteomics,10.1042/BCJ20160581,,3.562,Service,masood.kamali@igp.uu.se,0264-6021 1470-8728,Scaffolding protein IQGAP1: an insulin-dependent link between caveolae and the c...,"Jufvas A, Rajan MR, ..., Turkina MV",BIOCHEM J,27458251
141,Affinity Proteomics,Tissue Profiling,10.1080/14789450.2016.1199280,,3.465,Collaborative,per-henrik.edqvist@igp.uu.se,1478-9450 1744-8387,The Human Protein Atlas – an important resource for basic and clinical research,Lindskog C,EXPERT REV PROTEOMIC,27276068
145,Affinity Proteomics,Tissue Profiling,10.1158/0008-5472.CAN-15-2596,,8.556,Collaborative,per-henrik.edqvist@igp.uu.se,0008-5472 1538-7445,Guidance Molecule SEMA3A Restricts Tumor Growth by Differentially Regulating the...,"Wallerius M, Wallmann T, ..., Rolny C",CANCER RES,27197153
147,Affinity Proteomics,Tissue Profiling,10.1172/jci.insight.86837,,Kan inte hitta,Collaborative,per-henrik.edqvist@igp.uu.se,2379-3708,Profiling cancer testis antigens in non–small-cell lung cancer,"Djureinovic D, Hallström BM, ..., Micke P",,27699219
148,Affinity Proteomics,Tissue Profiling,10.1186/s12885-016-2646-x,,3.265,Collaborative,per-henrik.edqvist@igp.uu.se,1471-2407,Inconsistent results in the analysis of ALK rearrangements in non-small cell lun...,"Mattsson JSM, Brunnström H, ..., Svensson MA",BMC CANCER,27495736
150,Affinity Proteomics,Tissue Profiling,10.1210/en.2016-1758,,4.159,Collaborative,per-henrik.edqvist@igp.uu.se,0013-7227 1945-7170,The human adrenal gland proteome defined by transcriptomics and antibody-based p...,"Bergman J, Botling J, ..., Pontén F",ENDOCRINOLOGY,27901589
153,Affinity Proteomics,Tissue Profiling,10.18632/oncotarget.11957,,5.008,Collaborative,per-henrik.edqvist@igp.uu.se,1949-2553,PROX1 is a novel pathway-specific prognostic biomarker for high-grade astrocytom...,"Roodakker KR, Elsir T, ..., Smits A",ONCOTARGET,27626492
155,Affinity Proteomics,Tissue Profiling,10.18632/oncotarget.9632,,5.008,Service,per-henrik.edqvist@igp.uu.se,1949-2553,Survival-associated heterogeneity of marker-defined perivascular cells in colore...,"Mezheyeuski A, Bradic Lindh M, ..., Östman A",ONCOTARGET,27248825
184,Chemical Biology Consortium Sweden,The Laboratories for Chemical Biology at Karolinska Institutet (LCBKI),10.1021/acs.jmedchem.6b01009,,5.589,Collaborative,lars.johansson@ki.se,0022-2623 1520-4804,The Oncolytic Efficacy and in Vivo Pharmacokinetics of [2-(4-Chlorophenyl)quinol...,"Hammarström LGJ, Harmel RK, ..., Ernfors P",J MED CHEM,27607569
185,Chemical Biology Consortium Sweden,The Laboratories for Chemical Biology at Karolinska Institutet (LCBKI),10.1021/acschemneuro.6b00146,,4.348,Collaborative,lars.johansson@ki.se,1948-7193 1948-7193,Aryl Sulfonamide Inhibitors of Insulin-Regulated Aminopeptidase Enhance Spine De...,"Diwakarla S, Nylander E, ..., Hallberg M",ACS CHEM NEUROSCI,27501164
189,Chemical Biology Consortium Sweden,The Laboratories for Chemical Biology at Karolinska Institutet (LCBKI),10.1124/mol.115.102533,,3.95,Collaborative,lars.johansson@ki.se,1521-0111,Binding to and Inhibition of Insulin-Regulated Aminopeptidase by Macrocyclic Dis...,"Diwakarla S, Nylander E, ..., Hallberg M",,26769413
195,Chemical Biology Consortium Sweden,Uppsala Drug Optimization and Pharmaceutical Profiling (UDOPP),10.1021/acs.jmedchem.5b01759,"J Med Chem. 2016 Mar 10;59(5):2094-108, DOI:",4.46,Collaborative,pawel.baranczewski@farmaci.uu.se,0022-2623 1520-4804,Thiazolino 2-Pyridone Amide Inhibitors ofChlamydia trachomatisInfectivity,"Good JAD, Silver J, ..., Almqvist F",,26849778
196,Chemical Biology Consortium Sweden,Uppsala Drug Optimization and Pharmaceutical Profiling (UDOPP),10.1021/acschemneuro.6b00146,ACS Chem Neurosci. 2016 Aug 8. [Epubahead of print] DOI:,3.94,Collaborative,pawel.baranczewski@farmaci.uu.se,1948-7193 1948-7193,Aryl Sulfonamide Inhibitors of Insulin-Regulated Aminopeptidase Enhance Spine De...,"Diwakarla S, Nylander E, ..., Hallberg M",,27501164
198,Drug Discovery and Development,N/A,10.1007/s10735-016-9685-0,,2.221,Collaborative,Per.Arvidsson@scilifelab.se,1567-2379 1567-2387,Neuroprotective potential of Linezolid: a quantitative and distribution study vi...,"Baijnath S, Shobo A, ..., Govender T",J MOL HISTOL,27324049
202,Drug Discovery and Development,Medicinal Chemistry – Lead Identifaction,10.1016/j.tetlet.2016.02.071,,2.347,Collaborative,ulrika.yngve@scilifelab.uu.se,0040-4039,Rapid and straightforward transesterification of sulfonyl carbamates,"Isaksson R, Kumpiņa I, ..., Wannberg J",TETRAHEDRON LETT,
205,Drug Discovery and Development,Medicinal Chemistry – Hit2Lead,10.1021/acs.jmedchem.6b01009,,5.589,Collaborative,ylva.gravenfors@scilifelab.se,0022-2623 1520-4804,The Oncolytic Efficacy and in Vivo Pharmacokinetics of [2-(4-Chlorophenyl)quinol...,"Hammarström LGJ, Harmel RK, ..., Ernfors P",J MED CHEM,27607569
207,Drug Discovery and Development,Medicinal Chemistry – Lead Identifaction,10.1021/acs.oprd.5b00323,,2.922,Collaborative,ulrika.yngve@scilifelab.uu.se,1083-6160 1520-586X,Microwave Promoted Transcarbamylation Reaction of Sulfonylcarbamates under Conti...,"Kumpiņa I, Isaksson R, ..., Larhed M",ORG PROCESS RES DEV,
209,Drug Discovery and Development,N/A,10.1055/s-0035-1561573,,2.323,Collaborative,Per.Arvidsson@scilifelab.se,0936-5214 1437-2096,An Efficient Protecting-Group-Free Synthesis of Vinylic Sulfoximines via Horner–...,"Naicker T, Arvidsson P, ..., Kruger H",SYNLETT,
210,Drug Discovery and Development,N/A,10.1055/s-0035-1561970,,2.323,Collaborative,Per.Arvidsson@scilifelab.se,0936-5214 1437-2096,A Facile Synthesis of NODASA-Functionalized Peptide,"Naicker T, Albericio F, ..., Govender T",SYNLETT,
212,Drug Discovery and Development,N/A,10.1111/sji.12479,,2.27,Collaborative,Per.Arvidsson@scilifelab.se,0300-9475,Tryptophan Metabolism Along the Kynurenine Pathway Downstream of Toll-like Recep...,"Orhan F, Bhat M, ..., Schwieler L",SCAND J IMMUNOL,27607184
213,Drug Discovery and Development,Medicinal Chemistry – Hit2Lead,10.1158/0008-5472.CAN-16-1476,,8.556,Collaborative,ylva.gravenfors@scilifelab.se,0008-5472 1538-7445,Crystal structure of the emerging cancer target MTHFD2 in complex with a substra...,"Gustafsson R, Jemth A, ..., Stenmark P",CANCER RES,27899380
214,Drug Discovery and Development,N/A,10.17159/0379-4350/2016/v69a9,,Kan inte hitta,Collaborative,Per.Arvidsson@scilifelab.se,1996-840X,Organocatalyzed Mannich reactions on minocycline: Towards novel tetracycline ant...,"CHIWUNZE TE, Azumah R, ..., Naicker T",,
217,Drug Discovery and Development,N/A,10.3998/ark.5550190.p009.462,,Kan inte hitta,Collaborative,Per.Arvidsson@scilifelab.se,1551-7012,Stereoselective synthesis towards unnatural proline based amino acids,,,
220,Functional Genomics,Karolinska High Throughput Center (KHTC),10.1038/srep29317,,5.228,Service,Jianping.liu@ki.se,2045-2322,Rosette-Disrupting Effect of an Anti-Plasmodial Compound for the Potential Treat...,"Ch’ng J, Moll K, ..., Wahlgren M",SCI REP-UK,27403804
225,Functional Genomics,Microbial Single Cell Genomics,10.1186/s40168-016-0197-7,,9,Technology development,thijs.ettema@icm.uu.se,2049-2618,Picodroplet partitioned whole genome amplification of low biomass samples preser...,"Hammond M, Homa F, ..., Joensson HN",MICROBIOME,27716450
226,Metabolomics,Swedish Metabolomics Centre,10.1002/cppb.20028,,?,Service,jonas.gullberg@slu.se,,Quantitative Auxin Metabolite Profiling Using Stable Isotope Dilution UHPLC-MS/MS,"Novák O, Pěnčík A, ..., Ljung K",,
228,Metabolomics,Swedish Metabolomics Centre,10.1007/s11104-016-2896-z,,2.969,Service,jonas.gullberg@slu.se,0032-079X 1573-5036,Direct acquisition of organic N by white clover even in the presence of inorganic N,"Czaban W, Jämtgård S, ..., Fomsgaard IS",PLANT SOIL,
229,Metabolomics,Swedish Metabolomics Centre,10.1007/s11306-015-0933-1,,3.661,Service,jonas.gullberg@slu.se,1573-3882 1573-3890,Tissue sample stability: thawing effect on multi-organ samples,"Torell F, Bennett K, ..., Lundstedt T",METABOLOMICS,
230,Metabolomics,Swedish Metabolomics Centre,10.1007/s11306-016-1120-8,,3.661,Service,jonas.gullberg@slu.se,1573-3882 1573-3890,Loss of ncm5 and mcm5 wobble uridine side chains results in an altered metabolic...,"Karlsborn T, Mahmud AKMF, ..., Byström AS",METABOLOMICS,27738410
234,Metabolomics,Swedish Metabolomics Centre,10.1016/j.cell.2015.12.018,,28.71,Service,jonas.gullberg@slu.se,0092-8674,Cryptochromes Interact Directly with PIFs to Control Plant Growth in Limiting Bl...,"Pedmale UV, Huang SC, ..., Chory J",CELL,26724867
239,Metabolomics,Swedish Metabolomics Centre,10.1073/pnas.1604375113,,9.423,Service,jonas.gullberg@slu.se,0027-8424 1091-6490,Dioxygenase-encodingAtDAO1gene controls IAA oxidation and homeostasis inArabidopsis,"Porco S, Pěnčík A, ..., Ljung K",P NATL ACAD SCI USA,27651491
244,Metabolomics,Swedish Metabolomics Centre,10.1105/tpc.16.01057,,8.538,Service,jonas.gullberg@slu.se,1040-4651 1532-298X,The Effects of High Steady State Auxin Levels on Root Cell Elongation in Brachyp...,"Pacheco-Villalobos D, Díaz-Moreno SM, ..., Hardtke CS",PLANT CELL,27152020
257,National Bioinformatics Infrastructure Sweden,Bioinformatics Compute and Storage (UPPNEX),10.1002/ajmg.a.37387,,2.082,Service,martin.dahlo@scilifelab.uu.se,1552-4825,Pathogenenic variant in theCOL2A1gene is associated with Spondyloepiphyseal dysp...,"Hammarsjö A, Nordgren A, ..., Grigelioniene G",AM J MED GENET A,26420734
258,National Bioinformatics Infrastructure Sweden,Bioinformatics Compute and Storage (UPPNEX),10.1002/art.39571,,6.009,Service,martin.dahlo@scilifelab.uu.se,2326-5191,Effect of PTPN22 Gene Variant R620W on Type I Interferon Production Stimulated b...,"Berggren O, Rönnblom L, Eloranta M",ARTHRITIS RHEUMATOL,26748951
265,National Bioinformatics Infrastructure Sweden,Bioinformatics Compute and Storage (UPPNEX),10.1007/s00125-016-4041-1,,6.206,Service,martin.dahlo@scilifelab.uu.se,0012-186X 1432-0428,Non-targeted metabolomics combined with genetic analyses identifies bile acid sy...,"Fall T, Salihovic S, ..., Lind L",DIABETOLOGIA,27406814
267,National Bioinformatics Infrastructure Sweden,Bioinformatics Compute and Storage (UPPNEX),10.1007/s00439-016-1654-x,,5.138,Service,martin.dahlo@scilifelab.uu.se,0340-6717 1432-1203,Allele-specific transcription factor binding to common and rare variants associa...,"Cavalli M, Pan G, ..., Wadelius C",HUM GENET,26993500
271,National Bioinformatics Infrastructure Sweden,Bioinformatics Compute and Storage (UPPNEX),10.1007/s00792-016-0882-2,,2.346,Service,martin.dahlo@scilifelab.uu.se,1431-0651 1433-4909,Acidithiobacillus ferrivorans SS3 presents little RNA transcript response relat...,"Christel S, Fridlund J, ..., Dopson M",EXTREMOPHILES,27783177
272,National Bioinformatics Infrastructure Sweden,Bioinformatics Compute and Storage (UPPNEX),10.1007/s10519-015-9735-5,,3.268,Service,martin.dahlo@scilifelab.uu.se,0001-8244 1573-3297,Meta-analysis of Genome-Wide Association Studies for Extraversion: Findings from...,"van den Berg SM, de Moor MHM, ..., Boomsma DI",BEHAV GENET,26362575
276,National Bioinformatics Infrastructure Sweden,Bioinformatics Compute and Storage (UPPNEX),10.1007/s11557-016-1199-3,,1.572,Service,martin.dahlo@scilifelab.uu.se,1617-416X 1861-8952,Scolytus multistriatus associated with Dutch elm disease on the island of Gotlan...,"Menkis A, Östbrant I, ..., Vasaitis R",MYCOL PROG,
288,National Bioinformatics Infrastructure Sweden,Bioinformatics Compute and Storage (UPPNEX),10.1016/j.ecss.2016.06.016,,2.335,Service,martin.dahlo@scilifelab.uu.se,0272-7714,Regional genetic differentiation in the blue mussel from the Baltic Sea area,"Larsson J, Lind E, ..., Lönn M",ESTUAR COAST SHELF S,
291,National Bioinformatics Infrastructure Sweden,Bioinformatics Compute and Storage (UPPNEX),10.1016/j.foreco.2016.08.006,,2.826,Service,martin.dahlo@scilifelab.uu.se,0378-1127,Long-term effects of tree harvesting on ectomycorrhizal fungal communities in bo...,"Varenius K, Kårén O, ..., Dahlberg A",FOREST ECOL MANAG,
292,National Bioinformatics Infrastructure Sweden,Bioinformatics Compute and Storage (UPPNEX),10.1016/j.fsigen.2016.10.008,,4.988,Service,martin.dahlo@scilifelab.uu.se,1872-4973,"Investigating kinship of Neolithic post-LBK human remains from Krusza Zamkowa, P...","Juras A, Chyleński M, ..., Dabert M",FORENSIC SCI INT-GEN,27771467
298,National Bioinformatics Infrastructure Sweden,Bioinformatics Compute and Storage (UPPNEX),10.1016/j.myc.2016.02.001,,1.165,Service,martin.dahlo@scilifelab.uu.se,1340-3540,DNA-metabarcoding uncovers the diversity of soil-inhabiting fungi in the tropica...,"Urbina H, Scofield DG, ..., Rosling A",MYCOSCIENCE,
299,National Bioinformatics Infrastructure Sweden,Bioinformatics Compute and Storage (UPPNEX),10.1016/j.virol.2016.02.017,,3.2,Service,martin.dahlo@scilifelab.uu.se,0042-6822,Distinct temporal changes in host cell lncRNA expression during the course of an...,"Zhao H, Chen M, ..., Pettersson U",VIROLOGY,27003248
300,National Bioinformatics Infrastructure Sweden,Bioinformatics Compute and Storage (UPPNEX),10.1016/j.ygeno.2016.04.006,,2.386,Service,martin.dahlo@scilifelab.uu.se,0888-7543,Allele-specific transcription factor binding in liver and cervix cells unveils m...,"Cavalli M, Pan G, ..., Wadelius C",GENOMICS,27126307
305,National Bioinformatics Infrastructure Sweden,Bioinformatics Compute and Storage (UPPNEX),10.1017/thg.2016.5,,2.339,Service,martin.dahlo@scilifelab.uu.se,1832-4274 1839-2628,One CNV Discordance in NRXN1 Observed Upon Genome-wide Screening in 38 Pairs of ...,"Magnusson PKE, Lee D, ..., Pawitan Y",TWIN RES HUM GENET,26899349
309,National Bioinformatics Infrastructure Sweden,Bioinformatics Compute and Storage (UPPNEX),10.1038/ismej.2016.36,,9.328,Service,martin.dahlo@scilifelab.uu.se,1751-7362 1751-7370,Connectivity to the surface determines diversity patterns in subsurface aquifers...,"Hubalek V, Wu X, ..., Ionescu D",ISME J,27022994
312,National Bioinformatics Infrastructure Sweden,Bioinformatics Compute and Storage (UPPNEX),10.1038/mp.2016.71,,13.314,Service,martin.dahlo@scilifelab.uu.se,1359-4184 1476-5578,Evidence for three genetic loci involved in both anorexia nervosa risk and varia...,"Hinney A, Kesselmeier M, ..., Hebebrand J",MOL PSYCHIATR,27184124
314,National Bioinformatics Infrastructure Sweden,Bioinformatics Compute and Storage (UPPNEX),10.1038/nature17671,,38.138,Service,martin.dahlo@scilifelab.uu.se,0028-0836 1476-4687,Genome-wide association study identifies 74 loci associated with educational att...,"Okbay A, Beauchamp JP, ..., Benjamin DJ",NATURE,27225129
316,National Bioinformatics Infrastructure Sweden,Bioinformatics Compute and Storage (UPPNEX),10.1038/nature18642,,38.138,Service,martin.dahlo@scilifelab.uu.se,0028-0836 1476-4687,The genetic architecture of type 2 diabetes,"Fuchsberger C, Flannick J, ..., McCarthy MI",NATURE,27398621
317,National Bioinformatics Infrastructure Sweden,Bioinformatics Compute and Storage (UPPNEX),10.1038/ncomms10023,,11.329,Service,martin.dahlo@scilifelab.uu.se,2041-1723,Genetic associations at 53 loci highlight cell types and biological pathways rel...,"Pattaro C, Teumer A, ..., Fox CS",NAT COMMUN,26831199
326,National Bioinformatics Infrastructure Sweden,Bioinformatics Compute and Storage (UPPNEX),10.1038/ng.3552,,31.616,Service,martin.dahlo@scilifelab.uu.se,1061-4036 1546-1718,"Genetic variants associated with subjective well-being, depressive symptoms, and...","Okbay A, Baselmans BML, ..., Cesarini D",NAT GENET,27089181
327,National Bioinformatics Infrastructure Sweden,Bioinformatics Compute and Storage (UPPNEX),10.1038/ng.3598,,31.616,Service,martin.dahlo@scilifelab.uu.se,1061-4036 1546-1718,"Meta-analysis of 375,000 individuals identifies 38 susceptibility loci for migraine","Gormley P, Anttila V, ..., Palotie A",NAT GENET,27322543
330,National Bioinformatics Infrastructure Sweden,Bioinformatics Compute and Storage (UPPNEX),10.1038/ng.3667,,31.616,Service,martin.dahlo@scilifelab.uu.se,1061-4036 1546-1718,The genetics of blood pressure regulation and its target organs from association...,"Ehret GB, Ferreira T, ..., Munroe PB",NAT GENET,27618452
335,National Bioinformatics Infrastructure Sweden,Bioinformatics Compute and Storage (UPPNEX),10.1038/nn.4398,,16.724,Service,martin.dahlo@scilifelab.uu.se,1097-6256 1546-1726,Novel genetic loci underlying human intracranial volume identified through genom...,"Adams HHH, Hibar DP, ..., Thompson PM",NAT NEUROSCI,27694991
337,National Bioinformatics Infrastructure Sweden,Bioinformatics Compute and Storage (UPPNEX),10.1038/srep22806,,5.228,Service,martin.dahlo@scilifelab.uu.se,2045-2322,Bacterial associations reveal spatial population dynamics in Anopheles gambiae m...,"Buck M, Nilsson LKJ, ..., Terenius O",SCI REP-UK,26960555
341,National Bioinformatics Infrastructure Sweden,Bioinformatics Compute and Storage (UPPNEX),10.1038/srep28496,,5.228,Service,martin.dahlo@scilifelab.uu.se,2045-2322,Genetic and environmental influences on height from infancy to early adulthood: ...,"Jelenkovic A, Sund R, ..., Silventoinen K",SCI REP-UK,27333805
352,National Bioinformatics Infrastructure Sweden,Bioinformatics Compute and Storage (UPPNEX),10.1080/01490451.2016.1225868,,1.402,Service,martin.dahlo@scilifelab.uu.se,0149-0451 1521-0529,Mineral Type Structures Soil Microbial Communities,"Ahmed E, Hugerth LW, ..., Holmström SJM",GEOMICROBIOL J,
356,National Bioinformatics Infrastructure Sweden,Bioinformatics Compute and Storage (UPPNEX),10.1091/mbc.E15-10-0697,,4.037,Service,martin.dahlo@scilifelab.uu.se,1059-1524,Cytosolic splice isoform of Hsp70 nucleotide exchange factor Fes1 is required fo...,"Gowda NKC, Kaimal JM, ..., Andreasson C",MOL BIOL CELL,26912797
358,National Bioinformatics Infrastructure Sweden,Bioinformatics Compute and Storage (UPPNEX),10.1093/bioinformatics/btv652,,5.766,Service,martin.dahlo@scilifelab.uu.se,1367-4803 1460-2059,CopyNumber450kCancer: baseline correction for accurate copy number calling from ...,"Marzouka N, Nordlund J, ..., Carlsson Almlöf J",BIOINFORMATICS,26553913
366,National Bioinformatics Infrastructure Sweden,Bioinformatics Compute and Storage (UPPNEX),10.1093/hmg/ddw302,,5.985,Service,martin.dahlo@scilifelab.uu.se,0964-6906 1460-2083,Epigenome-wide association study reveals differential DNA methylation in individ...,"Rask-Andersen M, Martinsson D, ..., Johansson Å",HUM MOL GENET,
368,National Bioinformatics Infrastructure Sweden,Bioinformatics Compute and Storage (UPPNEX),10.1093/ije/dyw245,,7.522,Service,martin.dahlo@scilifelab.uu.se,0300-5771 1464-3685,Novel genetic loci associated with long-term deterioration in blood lipid concen...,"Varga TV, Kurbasic A, ..., Franks PW",INT J EPIDEMIOL,27864399
370,National Bioinformatics Infrastructure Sweden,Bioinformatics Compute and Storage (UPPNEX),10.1093/molbev/msw051,,13.649,Service,martin.dahlo@scilifelab.uu.se,0737-4038 1537-1719,Variation in Linked Selection and Recombination Drive Genomic Divergence during ...,"Wang J, Street NR, ..., Ingvarsson PK",MOL BIOL EVOL,26983554
374,National Bioinformatics Infrastructure Sweden,Bioinformatics Compute and Storage (UPPNEX),10.1099/ijsem.0.001497,,2.439,Service,martin.dahlo@scilifelab.uu.se,1466-5026 1466-5034,Proposal of Coetzeea brasiliensis gen. nov. sp. nov. isolated from larvae of Ano...,"Kämpfer P, Guy L, ..., Marinotti O",INT J SYST EVOL MICR,27624755
376,National Bioinformatics Infrastructure Sweden,Bioinformatics Compute and Storage (UPPNEX),10.1101/gr.204669.116,,11.351,Service,martin.dahlo@scilifelab.uu.se,1088-9051 1549-5469,Direct estimate of the rate of germline mutation in a bird,"Smeds L, Qvarnström A, Ellegren H",GENOME RES,27412854
383,National Bioinformatics Infrastructure Sweden,Bioinformatics Compute and Storage (UPPNEX),10.1111/1755-0998.12602,,5.298,Service,martin.dahlo@scilifelab.uu.se,1755-098X,Genomic distribution and estimation of nucleotide diversity in natural populatio...,"Dutoit L, Burri R, ..., Ellegren H",MOL ECOL RESOUR,27717155
388,National Bioinformatics Infrastructure Sweden,Bioinformatics Compute and Storage (UPPNEX),10.1111/efp.12236,,1.437,Service,martin.dahlo@scilifelab.uu.se,1437-4781,"Analyses of the ash dieback pathogen,Hymenoscyphus fraxineus, suggest role of tr...","Nguyen DT, Cleary MR, ..., Stenlid J",FOREST PATHOL,
390,National Bioinformatics Infrastructure Sweden,Bioinformatics Compute and Storage (UPPNEX),10.1111/gfs.12238,,1.617,Service,martin.dahlo@scilifelab.uu.se,0142-5242,Separating the effects of forage source and field microbiota on silage fermentat...,"Mogodiniyai Kasmaei K, Dicksved J, ..., Udén P",GRASS FORAGE SCI,
396,National Bioinformatics Infrastructure Sweden,Bioinformatics Compute and Storage (UPPNEX),10.1111/mec.13797,,5.947,Service,martin.dahlo@scilifelab.uu.se,0962-1083,Genetic rescue in a severely inbred wolf population,"Åkesson M, Liberg O, ..., Flagstad Ø",MOL ECOL,27497431
398,National Bioinformatics Infrastructure Sweden,Bioinformatics Compute and Storage (UPPNEX),10.1111/nph.13946,,7.21,Service,martin.dahlo@scilifelab.uu.se,0028-646X,Phytophthora infestansArgonaute 1 binds microRNA and small RNAs from effector ge...,"Åsman AKM, Fogelqvist J, ..., Dixelius C",NEW PHYTOL,27010746
405,National Bioinformatics Infrastructure Sweden,Bioinformatics Compute and Storage (UPPNEX),10.1128/genomeA.00175-16,,1.18,Service,martin.dahlo@scilifelab.uu.se,2169-8287,Draft Genome Sequence of Streptococcus gordonii Type Strain CCUG 33482 T,"Salvà-Serra F, Jakobsson HE, ..., Moore ERB",,27013051
414,National Bioinformatics Infrastructure Sweden,Bioinformatics Compute and Storage (UPPNEX),10.1158/1538-7445.AM2016-2473,,8.556,Service,martin.dahlo@scilifelab.uu.se,0008-5472 1538-7445,Abstract 2473: Combined BET-bromodomain and CDK2 inhibition in MYC-driven medull...,"Bolin S, Borgenvik A, ..., Swartling FJ",CANCER RES,
415,National Bioinformatics Infrastructure Sweden,Bioinformatics Compute and Storage (UPPNEX),10.1158/1538-7445.AM2016-2688,,8.556,Service,martin.dahlo@scilifelab.uu.se,0008-5472 1538-7445,Abstract 2688: A forward genetics screen of murine brain tumors identifies novel...,"Cancer M, Weishaupt H, ..., Swartling FJ",CANCER RES,
419,National Bioinformatics Infrastructure Sweden,Bioinformatics Compute and Storage (UPPNEX),10.1172/jci.insight.86837,,Kan inte hitta,Service,martin.dahlo@scilifelab.uu.se,2379-3708,Profiling cancer testis antigens in non–small-cell lung cancer,"Djureinovic D, Hallström BM, ..., Micke P",,27699219
422,National Bioinformatics Infrastructure Sweden,Bioinformatics Compute and Storage (UPPNEX),10.1186/s12862-016-0627-y,,3.406,Service,martin.dahlo@scilifelab.uu.se,1471-2148,"Evolutionary history of host use, rather than plant phylogeny, determines gene e...","Celorio-Mancera MdlP, Wheat CW, ..., Janz N",BMC EVOL BIOL,26956800
425,National Bioinformatics Infrastructure Sweden,Bioinformatics Compute and Storage (UPPNEX),10.1186/s12870-016-0710-y,,3.631,Service,martin.dahlo@scilifelab.uu.se,1471-2229,Geographical distribution of genetic diversity in Secale landrace and wild acces...,"Hagenblad J, Oliveira HR, ..., Leino MW",BMC PLANT BIOL,26786820
430,National Bioinformatics Infrastructure Sweden,Bioinformatics Compute and Storage (UPPNEX),10.1186/s12915-016-0284-z,,6.967,Service,martin.dahlo@scilifelab.uu.se,1741-7007,On the reversibility of parasitism: adaptation to a free-living lifestyle via ge...,"Xu F, Jerlström-Hultqvist J, ..., Andersson JO",BMC BIOL,27480115
436,National Bioinformatics Infrastructure Sweden,Bioinformatics Compute and Storage (UPPNEX),10.1186/s40064-016-3543-0,,0.982,Service,martin.dahlo@scilifelab.uu.se,2193-1801,"Identification of mutations, gene expression changes and fusion transcripts by w...","Ma Y, Miao Y, ..., Li C",SPRINGERPLUS,27822437
437,National Bioinformatics Infrastructure Sweden,Bioinformatics Compute and Storage (UPPNEX),10.1186/s40168-016-0197-7,,9,Service,martin.dahlo@scilifelab.uu.se,2049-2618,Picodroplet partitioned whole genome amplification of low biomass samples preser...,"Hammond M, Homa F, ..., Joensson HN",MICROBIOME,27716450
438,National Bioinformatics Infrastructure Sweden,Bioinformatics Compute and Storage (UPPNEX),10.1186/s40793-016-0199-x,,1.594,Service,martin.dahlo@scilifelab.uu.se,1944-3277,"Complete genome sequence of Methanoculleus bourgensis strain MAB1, the syntrophi...","Manzoor S, Schnürer A, ..., Müller B",STAND GENOMIC SCI,27777650
443,National Bioinformatics Infrastructure Sweden,Bioinformatics Compute and Storage (UPPNEX),10.1371/journal.pgen.1006379,,6.661,Service,martin.dahlo@scilifelab.uu.se,1553-7404,Effect of Insulin Resistance on Monounsaturated Fatty Acid Levels: A Multi-cohor...,"Nowak C, Salihovic S, ..., Fall T",PLOS GENET,27768686
451,National Bioinformatics Infrastructure Sweden,Bioinformatics Compute and Storage (UPPNEX),10.1534/g3.115.024299,,2.91,Service,martin.dahlo@scilifelab.uu.se,2160-1836,Quantitative Trait Locus and Genetical Genomics Analysis Identifies Putatively C...,"Johnsson M, Jonsson KB, ..., Wright D",G3-GENES GENOM GENET,26637433
454,National Bioinformatics Infrastructure Sweden,Bioinformatics Compute and Storage (UPPNEX),10.1534/genetics.115.183152,,4.644,Service,martin.dahlo@scilifelab.uu.se,0016-6731,Natural Selection and Recombination Rate Variation Shape Nucleotide Polymorphism...,"Wang J, Street NR, ..., Ingvarsson PK",GENETICS,26721855
455,National Bioinformatics Infrastructure Sweden,Bioinformatics Compute and Storage (UPPNEX),10.18632/oncotarget.11773,,5.008,Service,martin.dahlo@scilifelab.uu.se,1949-2553,Deep targeted sequencing in pediatric acute lymphoblastic leukemia unveils disti...,"Mårten Lindqvist C, Lundmark A, ..., Syvänen A",ONCOTARGET,27590521
467,National Bioinformatics Infrastructure Sweden,Bioinformatics Compute and Storage (UPPNEX),10.3389/fmicb.2016.00679,,4.165,Service,martin.dahlo@scilifelab.uu.se,1664-302X,Diversity of Pico- to Mesoplankton along the 2000 km Salinity Gradient of the Ba...,"Hu YOO, Karlson B, ..., Andersson AF",FRONT MICROBIOL,27242706
470,National Bioinformatics Infrastructure Sweden,Bioinformatics Compute and Storage (UPPNEX),10.3389/fnhum.2016.00052,,3.634,Service,martin.dahlo@scilifelab.uu.se,1662-5161,"Resting-State Brain and the FTO Obesity Risk Allele: Default Mode, Sensorimotor,...","Olivo G, Wiemerslage L, ..., Schiöth HB",FRONT HUM NEUROSCI,26924971
475,National Bioinformatics Infrastructure Sweden,Bioinformatics Compute and Storage (UPPNEX),10.3945/ajcn.116.130252,,6.703,Service,martin.dahlo@scilifelab.uu.se,0002-9165 1938-3207,Genetic and environmental effects on body mass index from infancy to the onset o...,"Silventoinen K, Jelenkovic A, ..., Kaprio J",AM J CLIN NUTR,27413137
478,National Bioinformatics Infrastructure Sweden,Bioinformatics Long-term Support WABI,10.1101/081505,,?,Collaborative,bjorn.nystedt@scilifelab.se,,SweGen: A whole-genome map of genetic variability in a cross-section of the Swed...,"Ameur A, Dahlberg J, ..., Gyllensten U",,
487,National Bioinformatics Infrastructure Sweden,Bioinformatics Long-term Support WABI,10.1101/044016,,?,Collaborative,bjorn.nystedt@scilifelab.se,,The role of transposable elements for gene expression in Capsella hybrids and al...,"Steige K, Reimegård J, ..., Slotte T",,
491,National Bioinformatics Infrastructure Sweden,Bioinformatics Long-term Support WABI,10.1186/s12862-016-0627-y,,3.406,Collaborative,bjorn.nystedt@scilifelab.se,1471-2148,"Evolutionary history of host use, rather than plant phylogeny, determines gene e...","Celorio-Mancera MdlP, Wheat CW, ..., Janz N",BMC EVOL BIOL,26956800
493,National Bioinformatics Infrastructure Sweden,Bioinformatics Long-term Support WABI,10.18632/oncotarget.11773,,5.008,Collaborative,bjorn.nystedt@scilifelab.se,1949-2553,Deep targeted sequencing in pediatric acute lymphoblastic leukemia unveils disti...,"Mårten Lindqvist C, Lundmark A, ..., Syvänen A",ONCOTARGET,27590521
509,National Bioinformatics Infrastructure Sweden,Bioinformatics Short-term Support and Infrastructure (BILS),10.1038/pr.2015.187,,2.761,Service,mikael.borg@bils.se,0031-3998 1530-0447,Fat intake and breast milk fatty acid composition in farming and nonfarming wome...,"Jonsson K, Barman M, ..., Sandberg A",PEDIATR RES,26389822
514,National Bioinformatics Infrastructure Sweden,Bioinformatics Short-term Support and Infrastructure (BILS),10.1074/jbc.m115.705822,,4.258,Collaborative,mikael.borg@bils.se,0021-9258 1083-351X,Peroxisome Proliferator-activated Receptor γ Coactivator-1 α Isoforms Selectivel...,"Martínez-Redondo V, Jannig PR, ..., Ruas JL",J BIOL CHEM,27231350
522,National Bioinformatics Infrastructure Sweden,Bioinformatics Short-term Support and Infrastructure (BILS),10.1111/mec.13520,,5.947,Collaborative,mikael.borg@bils.se,0962-1083,Transcriptome profiling of immune tissues reveals habitat-specific gene expressi...,"Huang Y, Chain FJJ, ..., Feulner PGD",MOL ECOL,26749022
544,National Bioinformatics Infrastructure Sweden,Bioinformatics Short-term Support and Infrastructure (BILS),10.18632/oncotarget.11773,,5.008,Collaborative,mikael.borg@bils.se,1949-2553,Deep targeted sequencing in pediatric acute lymphoblastic leukemia unveils disti...,"Mårten Lindqvist C, Lundmark A, ..., Syvänen A",ONCOTARGET,27590521
547,National Bioinformatics Infrastructure Sweden,Bioinformatics Short-term Support and Infrastructure (BILS),10.3897/mycokeys.13.8579,,1.846,Collaborative,mikael.borg@bils.se,1314-4049 1314-4057,Detection of signal recognition particle (SRP) RNAs in the nuclear ribosomal int...,"Nilsson RH, Alm Rosenblad M, ..., Abarenkov K",MYCOKEYS,
551,National Bioinformatics Infrastructure Sweden,Systems Biology,10.1002/wsbm.1321,,3.027,Technology development,thomas.svensson@scilifelab.se,1939-5094,In search for symmetries in the metabolism of cancer,"Gatto F, Nielsen J",WIRES SYST BIOL MED,26538017
559,National Genomics Infrastructure,NGI Stockholm (Genomics Applications),10.1002/ajmg.a.37387,27726124,2.082,Service,max.kaller@scilifelab.se,1552-4825,Pathogenenic variant in theCOL2A1gene is associated with Spondyloepiphyseal dysp...,"Hammarsjö A, Nordgren A, ..., Grigelioniene G",AM J MED GENET A,26420734
566,National Genomics Infrastructure,NGI Stockholm (Genomics Applications),10.1007/s00792-016-0882-2,27365449,2.346,Service,max.kaller@scilifelab.se,1431-0651 1433-4909,Acidithiobacillus ferrivorans SS3 presents little RNA transcript response relat...,"Christel S, Fridlund J, ..., Dopson M",EXTREMOPHILES,27783177
575,National Genomics Infrastructure,NGI Stockholm (Genomics Applications),10.1017/pao.2016.14,26956800,Kan inte hitta,Collaborative,max.kaller@scilifelab.se,2055-7094,Overexpression of Trypanosoma rangeli trypanothione reductase increases parasite...,"BELTRAME-BOTELHO I, STOCO P, ..., GRISARD E",,
591,National Genomics Infrastructure,NGI Stockholm (Genomics Applications),10.1080/01490451.2016.1225868,,1.402,Service,max.kaller@scilifelab.se,0149-0451 1521-0529,Mineral Type Structures Soil Microbial Communities,"Ahmed E, Hugerth LW, ..., Holmström SJM",GEOMICROBIOL J,
592,National Genomics Infrastructure,NGI Stockholm (Genomics Applications),10.1091/mbc.E15-10-0697,27431458,4.037,Service,max.kaller@scilifelab.se,1059-1524,Cytosolic splice isoform of Hsp70 nucleotide exchange factor Fes1 is required fo...,"Gowda NKC, Kaimal JM, ..., Andreasson C",MOL BIOL CELL,26912797
596,National Genomics Infrastructure,NGI Stockholm (Genomics Applications),10.1093/molbev/msw051,27818655,13.649,Service,max.kaller@scilifelab.se,0737-4038 1537-1719,Variation in Linked Selection and Recombination Drive Genomic Divergence during ...,"Wang J, Street NR, ..., Ingvarsson PK",MOL BIOL EVOL,26983554
604,National Genomics Infrastructure,NGI Stockholm (Genomics Applications),10.1111/gfs.12238,26961371,1.617,Collaborative,max.kaller@scilifelab.se,0142-5242,Separating the effects of forage source and field microbiota on silage fermentat...,"Mogodiniyai Kasmaei K, Dicksved J, ..., Udén P",GRASS FORAGE SCI,
606,National Genomics Infrastructure,NGI Stockholm (Genomics Applications),10.1111/nph.13930,27242679,7.21,Service,max.kaller@scilifelab.se,0028-646X,Whole genome duplication in coast redwood (Sequoia sempervirens) and its implica...,"Scott AD, Stenz NWM, ..., Baum DA",NEW PHYTOL,26996245
610,National Genomics Infrastructure,NGI Stockholm (Genomics Applications),10.1128/genomeA.00175-16,26721855,1.18,Service,max.kaller@scilifelab.se,2169-8287,Draft Genome Sequence of Streptococcus gordonii Type Strain CCUG 33482 T,"Salvà-Serra F, Jakobsson HE, ..., Moore ERB",,27013051
611,National Genomics Infrastructure,NGI Stockholm (Genomics Applications),10.1128/genomeA.00552-16,26996245,1.18,Service,max.kaller@scilifelab.se,2169-8287,Draft Genome Sequence of Moraxella catarrhalis Type Strain CCUG 353 T,"Jakobsson HE, Salvà-Serra F, ..., Moore ERB",,27313296
614,National Genomics Infrastructure,NGI Stockholm (Genomics Applications),10.1172/jci.insight.86837,27633116,Kan inte hitta,Service,max.kaller@scilifelab.se,2379-3708,Profiling cancer testis antigens in non–small-cell lung cancer,"Djureinovic D, Hallström BM, ..., Micke P",,27699219
618,National Genomics Infrastructure,NGI Stockholm (Genomics Applications),10.1186/s12862-016-0627-y,27783177,3.406,Service,max.kaller@scilifelab.se,1471-2148,"Evolutionary history of host use, rather than plant phylogeny, determines gene e...","Celorio-Mancera MdlP, Wheat CW, ..., Janz N",BMC EVOL BIOL,26956800
621,National Genomics Infrastructure,NGI Stockholm (Genomics Applications),10.1186/s40064-016-3543-0,27717408,0.982,Service,max.kaller@scilifelab.se,2193-1801,"Identification of mutations, gene expression changes and fusion transcripts by w...","Ma Y, Miao Y, ..., Li C",SPRINGERPLUS,27822437
628,National Genomics Infrastructure,NGI Stockholm (Genomics Applications),10.1534/genetics.115.183152,27552439,4.644,Service,max.kaller@scilifelab.se,0016-6731,Natural Selection and Recombination Rate Variation Shape Nucleotide Polymorphism...,"Wang J, Street NR, ..., Ingvarsson PK",GENETICS,26721855
630,National Genomics Infrastructure,NGI Stockholm (Genomics Applications),10.18632/oncotarget.7899,26956550,5.008,Service,max.kaller@scilifelab.se,1949-2553,Mutations in histone modulators are associated with prolonged survival during az...,,ONCOTARGET,26959885
634,National Genomics Infrastructure,NGI Stockholm (Genomics Applications),10.3389/fmicb.2016.00679,26916072,4.165,Service,max.kaller@scilifelab.se,1664-302X,Diversity of Pico- to Mesoplankton along the 2000 km Salinity Gradient of the Ba...,"Hu YOO, Karlson B, ..., Andersson AF",FRONT MICROBIOL,27242706
639,National Genomics Infrastructure,NGI Stockholm (Genomics Production),10.1002/ajmg.a.37387,,2.082,Service,ellen.sherwood@scilifelab.se,1552-4825,Pathogenenic variant in theCOL2A1gene is associated with Spondyloepiphyseal dysp...,"Hammarsjö A, Nordgren A, ..., Grigelioniene G",AM J MED GENET A,26420734
646,National Genomics Infrastructure,NGI Stockholm (Genomics Production),10.1007/s00792-016-0882-2,,2.346,Service,ellen.sherwood@scilifelab.se,1431-0651 1433-4909,Acidithiobacillus ferrivorans SS3 presents little RNA transcript response relat...,"Christel S, Fridlund J, ..., Dopson M",EXTREMOPHILES,27783177
655,National Genomics Infrastructure,NGI Stockholm (Genomics Production),10.1017/pao.2016.14,,Kan inte hitta,Service,ellen.sherwood@scilifelab.se,2055-7094,Overexpression of Trypanosoma rangeli trypanothione reductase increases parasite...,"BELTRAME-BOTELHO I, STOCO P, ..., GRISARD E",,
671,National Genomics Infrastructure,NGI Stockholm (Genomics Production),10.1080/01490451.2016.1225868,,1.402,Service,ellen.sherwood@scilifelab.se,0149-0451 1521-0529,Mineral Type Structures Soil Microbial Communities,"Ahmed E, Hugerth LW, ..., Holmström SJM",GEOMICROBIOL J,
672,National Genomics Infrastructure,NGI Stockholm (Genomics Production),10.1091/mbc.E15-10-0697,,4.037,Service,ellen.sherwood@scilifelab.se,1059-1524,Cytosolic splice isoform of Hsp70 nucleotide exchange factor Fes1 is required fo...,"Gowda NKC, Kaimal JM, ..., Andreasson C",MOL BIOL CELL,26912797
676,National Genomics Infrastructure,NGI Stockholm (Genomics Production),10.1093/molbev/msw051,,13.649,Service,ellen.sherwood@scilifelab.se,0737-4038 1537-1719,Variation in Linked Selection and Recombination Drive Genomic Divergence during ...,"Wang J, Street NR, ..., Ingvarsson PK",MOL BIOL EVOL,26983554
684,National Genomics Infrastructure,NGI Stockholm (Genomics Production),10.1111/gfs.12238,,1.617,Service,ellen.sherwood@scilifelab.se,0142-5242,Separating the effects of forage source and field microbiota on silage fermentat...,"Mogodiniyai Kasmaei K, Dicksved J, ..., Udén P",GRASS FORAGE SCI,
686,National Genomics Infrastructure,NGI Stockholm (Genomics Production),10.1111/nph.13930,,7.21,Service,ellen.sherwood@scilifelab.se,0028-646X,Whole genome duplication in coast redwood (Sequoia sempervirens) and its implica...,"Scott AD, Stenz NWM, ..., Baum DA",NEW PHYTOL,26996245
690,National Genomics Infrastructure,NGI Stockholm (Genomics Production),10.1128/genomeA.00175-16,,1.18,Service,ellen.sherwood@scilifelab.se,2169-8287,Draft Genome Sequence of Streptococcus gordonii Type Strain CCUG 33482 T,"Salvà-Serra F, Jakobsson HE, ..., Moore ERB",,27013051
691,National Genomics Infrastructure,NGI Stockholm (Genomics Production),10.1128/genomeA.00552-16,,1.18,Service,ellen.sherwood@scilifelab.se,2169-8287,Draft Genome Sequence of Moraxella catarrhalis Type Strain CCUG 353 T,"Jakobsson HE, Salvà-Serra F, ..., Moore ERB",,27313296
694,National Genomics Infrastructure,NGI Stockholm (Genomics Production),10.1172/jci.insight.86837,,Kan inte hitta,Service,ellen.sherwood@scilifelab.se,2379-3708,Profiling cancer testis antigens in non–small-cell lung cancer,"Djureinovic D, Hallström BM, ..., Micke P",,27699219
698,National Genomics Infrastructure,NGI Stockholm (Genomics Production),10.1186/s12862-016-0627-y,,3.406,Collaborative,ellen.sherwood@scilifelab.se,1471-2148,"Evolutionary history of host use, rather than plant phylogeny, determines gene e...","Celorio-Mancera MdlP, Wheat CW, ..., Janz N",BMC EVOL BIOL,26956800
701,National Genomics Infrastructure,NGI Stockholm (Genomics Production),10.1186/s40064-016-3543-0,,0.982,Service,ellen.sherwood@scilifelab.se,2193-1801,"Identification of mutations, gene expression changes and fusion transcripts by w...","Ma Y, Miao Y, ..., Li C",SPRINGERPLUS,27822437
708,National Genomics Infrastructure,NGI Stockholm (Genomics Production),10.1534/genetics.115.183152,,4.644,Service,ellen.sherwood@scilifelab.se,0016-6731,Natural Selection and Recombination Rate Variation Shape Nucleotide Polymorphism...,"Wang J, Street NR, ..., Ingvarsson PK",GENETICS,26721855
710,National Genomics Infrastructure,NGI Stockholm (Genomics Production),10.18632/oncotarget.7899,,5.008,Service,ellen.sherwood@scilifelab.se,1949-2553,Mutations in histone modulators are associated with prolonged survival during az...,,ONCOTARGET,26959885
714,National Genomics Infrastructure,NGI Stockholm (Genomics Production),10.3389/fmicb.2016.00679,,4.165,Service,ellen.sherwood@scilifelab.se,1664-302X,Diversity of Pico- to Mesoplankton along the 2000 km Salinity Gradient of the Ba...,"Hu YOO, Karlson B, ..., Andersson AF",FRONT MICROBIOL,27242706
721,National Genomics Infrastructure,NGI Uppsala (SNP&SEQ Technology Platform),10.1002/art.39571,,6.009,Service,mathias.brannvall@medsci.uu.se,2326-5191,Effect of PTPN22 Gene Variant R620W on Type I Interferon Production Stimulated b...,"Berggren O, Rönnblom L, Eloranta M",ARTHRITIS RHEUMATOL,26748951
725,National Genomics Infrastructure,NGI Uppsala (SNP&SEQ Technology Platform),10.1007/s00125-016-4041-1,,6.206,Service,mathias.brannvall@medsci.uu.se,0012-186X 1432-0428,Non-targeted metabolomics combined with genetic analyses identifies bile acid sy...,"Fall T, Salihovic S, ..., Lind L",DIABETOLOGIA,27406814
726,National Genomics Infrastructure,NGI Uppsala (SNP&SEQ Technology Platform),10.1007/s00439-016-1654-x,,5.138,Service,mathias.brannvall@medsci.uu.se,0340-6717 1432-1203,Allele-specific transcription factor binding to common and rare variants associa...,"Cavalli M, Pan G, ..., Wadelius C",HUM GENET,26993500
728,National Genomics Infrastructure,NGI Uppsala (SNP&SEQ Technology Platform),10.1007/s10519-015-9735-5,,3.268,Service,mathias.brannvall@medsci.uu.se,0001-8244 1573-3297,Meta-analysis of Genome-Wide Association Studies for Extraversion: Findings from...,"van den Berg SM, de Moor MHM, ..., Boomsma DI",BEHAV GENET,26362575
741,National Genomics Infrastructure,NGI Uppsala (SNP&SEQ Technology Platform),10.1016/j.fsigen.2016.10.008,,4.988,Service,mathias.brannvall@medsci.uu.se,1872-4973,"Investigating kinship of Neolithic post-LBK human remains from Krusza Zamkowa, P...","Juras A, Chyleński M, ..., Dabert M",FORENSIC SCI INT-GEN,27771467
746,National Genomics Infrastructure,NGI Uppsala (SNP&SEQ Technology Platform),10.1016/j.virol.2016.02.017,,3.2,Service,mathias.brannvall@medsci.uu.se,0042-6822,Distinct temporal changes in host cell lncRNA expression during the course of an...,"Zhao H, Chen M, ..., Pettersson U",VIROLOGY,27003248
747,National Genomics Infrastructure,NGI Uppsala (SNP&SEQ Technology Platform),10.1016/j.ygeno.2016.04.006,,2.386,Service,mathias.brannvall@medsci.uu.se,0888-7543,Allele-specific transcription factor binding in liver and cervix cells unveils m...,"Cavalli M, Pan G, ..., Wadelius C",GENOMICS,27126307
751,National Genomics Infrastructure,NGI Uppsala (SNP&SEQ Technology Platform),10.1017/thg.2016.5,,2.339,Service,mathias.brannvall@medsci.uu.se,1832-4274 1839-2628,One CNV Discordance in NRXN1 Observed Upon Genome-wide Screening in 38 Pairs of ...,"Magnusson PKE, Lee D, ..., Pawitan Y",TWIN RES HUM GENET,26899349
754,National Genomics Infrastructure,NGI Uppsala (SNP&SEQ Technology Platform),10.1038/ejhg.2015.95,,4.58,Service,mathias.brannvall@medsci.uu.se,1018-4813 1476-5438,Association analysis of copy numbers of FC-gamma receptor genes for rheumatoid a...,"Franke L, el Bannoudi H, ..., Zhernakova A",EUR J HUM GENET,25966632
756,National Genomics Infrastructure,NGI Uppsala (SNP&SEQ Technology Platform),10.1038/ismej.2016.36,,9.328,Service,mathias.brannvall@medsci.uu.se,1751-7362 1751-7370,Connectivity to the surface determines diversity patterns in subsurface aquifers...,"Hubalek V, Wu X, ..., Ionescu D",ISME J,27022994
759,National Genomics Infrastructure,NGI Uppsala (SNP&SEQ Technology Platform),10.1038/mp.2016.71,,13.314,Service,mathias.brannvall@medsci.uu.se,1359-4184 1476-5578,Evidence for three genetic loci involved in both anorexia nervosa risk and varia...,"Hinney A, Kesselmeier M, ..., Hebebrand J",MOL PSYCHIATR,27184124
760,National Genomics Infrastructure,NGI Uppsala (SNP&SEQ Technology Platform),10.1038/nature17671,,38.138,Service,mathias.brannvall@medsci.uu.se,0028-0836 1476-4687,Genome-wide association study identifies 74 loci associated with educational att...,"Okbay A, Beauchamp JP, ..., Benjamin DJ",NATURE,27225129
761,National Genomics Infrastructure,NGI Uppsala (SNP&SEQ Technology Platform),10.1038/nature18642,,38.138,Collaborative,mathias.brannvall@medsci.uu.se,0028-0836 1476-4687,The genetic architecture of type 2 diabetes,"Fuchsberger C, Flannick J, ..., McCarthy MI",NATURE,27398621
762,National Genomics Infrastructure,NGI Uppsala (SNP&SEQ Technology Platform),10.1038/ncomms10023,,11.329,Service,mathias.brannvall@medsci.uu.se,2041-1723,Genetic associations at 53 loci highlight cell types and biological pathways rel...,"Pattaro C, Teumer A, ..., Fox CS",NAT COMMUN,26831199
770,National Genomics Infrastructure,NGI Uppsala (SNP&SEQ Technology Platform),10.1038/ng.3552,,31.616,Service,mathias.brannvall@medsci.uu.se,1061-4036 1546-1718,"Genetic variants associated with subjective well-being, depressive symptoms, and...","Okbay A, Baselmans BML, ..., Cesarini D",NAT GENET,27089181
771,National Genomics Infrastructure,NGI Uppsala (SNP&SEQ Technology Platform),10.1038/ng.3598,,31.616,Service,mathias.brannvall@medsci.uu.se,1061-4036 1546-1718,"Meta-analysis of 375,000 individuals identifies 38 susceptibility loci for migraine","Gormley P, Anttila V, ..., Palotie A",NAT GENET,27322543
774,National Genomics Infrastructure,NGI Uppsala (SNP&SEQ Technology Platform),10.1038/ng.3667,,31.616,Collaborative,mathias.brannvall@medsci.uu.se,1061-4036 1546-1718,The genetics of blood pressure regulation and its target organs from association...,"Ehret GB, Ferreira T, ..., Munroe PB",NAT GENET,27618452
778,National Genomics Infrastructure,NGI Uppsala (SNP&SEQ Technology Platform),10.1038/ng.3725,,31.616,Service,mathias.brannvall@medsci.uu.se,1061-4036 1546-1718,Contribution of copy number variants to schizophrenia from a genome-wide study o...,"Marshall CR, Howrigan DP, ..., Sebat J",NAT GENET,27869829
782,National Genomics Infrastructure,NGI Uppsala (SNP&SEQ Technology Platform),10.1038/nn.4398,,16.724,Collaborative,mathias.brannvall@medsci.uu.se,1097-6256 1546-1726,Novel genetic loci underlying human intracranial volume identified through genom...,"Adams HHH, Hibar DP, ..., Thompson PM",NAT NEUROSCI,27694991
784,National Genomics Infrastructure,NGI Uppsala (SNP&SEQ Technology Platform),10.1038/srep22806,,5.228,Service,mathias.brannvall@medsci.uu.se,2045-2322,Bacterial associations reveal spatial population dynamics in Anopheles gambiae m...,"Buck M, Nilsson LKJ, ..., Terenius O",SCI REP-UK,26960555
785,National Genomics Infrastructure,NGI Uppsala (SNP&SEQ Technology Platform),10.1038/srep28496,,5.228,Service,mathias.brannvall@medsci.uu.se,2045-2322,Genetic and environmental influences on height from infancy to early adulthood: ...,"Jelenkovic A, Sund R, ..., Silventoinen K",SCI REP-UK,27333805
799,National Genomics Infrastructure,NGI Uppsala (SNP&SEQ Technology Platform),10.1093/bioinformatics/btv652,,5.766,Technology development,mathias.brannvall@medsci.uu.se,1367-4803 1460-2059,CopyNumber450kCancer: baseline correction for accurate copy number calling from ...,"Marzouka N, Nordlund J, ..., Carlsson Almlöf J",BIOINFORMATICS,26553913
805,National Genomics Infrastructure,NGI Uppsala (SNP&SEQ Technology Platform),10.1093/hmg/ddw302,,5.985,Service,mathias.brannvall@medsci.uu.se,0964-6906 1460-2083,Epigenome-wide association study reveals differential DNA methylation in individ...,"Rask-Andersen M, Martinsson D, ..., Johansson Å",HUM MOL GENET,
807,National Genomics Infrastructure,NGI Uppsala (SNP&SEQ Technology Platform),10.1093/ije/dyw245,,7.522,Service,mathias.brannvall@medsci.uu.se,0300-5771 1464-3685,Novel genetic loci associated with long-term deterioration in blood lipid concen...,"Varga TV, Kurbasic A, ..., Franks PW",INT J EPIDEMIOL,27864399
812,National Genomics Infrastructure,NGI Uppsala (SNP&SEQ Technology Platform),10.1093/rheumatology/kew008,,4.524,Collaborative,mathias.brannvall@medsci.uu.se,1462-0324 1462-0332,Epigenome-wide DNA methylation patterns associated with fatigue in primary Sjögr...,"Brække Norheim K, Imgenberg-Kreuz J, ..., Omdal R",RHEUMATOLOGY,26966136
814,National Genomics Infrastructure,NGI Uppsala (SNP&SEQ Technology Platform),10.1099/ijsem.0.001497,,2.439,Service,mathias.brannvall@medsci.uu.se,1466-5026 1466-5034,Proposal of Coetzeea brasiliensis gen. nov. sp. nov. isolated from larvae of Ano...,"Kämpfer P, Guy L, ..., Marinotti O",INT J SYST EVOL MICR,27624755
816,National Genomics Infrastructure,NGI Uppsala (SNP&SEQ Technology Platform),10.1101/gr.204669.116,,11.351,Service,mathias.brannvall@medsci.uu.se,1088-9051 1549-5469,Direct estimate of the rate of germline mutation in a bird,"Smeds L, Qvarnström A, Ellegren H",GENOME RES,27412854
822,National Genomics Infrastructure,NGI Uppsala (SNP&SEQ Technology Platform),10.1111/1755-0998.12602,,5.298,Service,mathias.brannvall@medsci.uu.se,1755-098X,Genomic distribution and estimation of nucleotide diversity in natural populatio...,"Dutoit L, Burri R, ..., Ellegren H",MOL ECOL RESOUR,27717155
849,National Genomics Infrastructure,NGI Uppsala (SNP&SEQ Technology Platform),10.1186/s12870-016-0710-y,,3.631,Service,mathias.brannvall@medsci.uu.se,1471-2229,Geographical distribution of genetic diversity in Secale landrace and wild acces...,"Hagenblad J, Oliveira HR, ..., Leino MW",BMC PLANT BIOL,26786820
851,National Genomics Infrastructure,NGI Uppsala (SNP&SEQ Technology Platform),10.1186/s12915-016-0284-z,,6.967,Service,mathias.brannvall@medsci.uu.se,1741-7007,On the reversibility of parasitism: adaptation to a free-living lifestyle via ge...,"Xu F, Jerlström-Hultqvist J, ..., Andersson JO",BMC BIOL,27480115
858,National Genomics Infrastructure,NGI Uppsala (SNP&SEQ Technology Platform),10.1186/s40168-016-0197-7,,9,Service,mathias.brannvall@medsci.uu.se,2049-2618,Picodroplet partitioned whole genome amplification of low biomass samples preser...,"Hammond M, Homa F, ..., Joensson HN",MICROBIOME,27716450
862,National Genomics Infrastructure,NGI Uppsala (SNP&SEQ Technology Platform),10.1371/journal.pgen.1006379,,6.661,Service,mathias.brannvall@medsci.uu.se,1553-7404,Effect of Insulin Resistance on Monounsaturated Fatty Acid Levels: A Multi-cohor...,"Nowak C, Salihovic S, ..., Fall T",PLOS GENET,27768686
866,National Genomics Infrastructure,NGI Uppsala (SNP&SEQ Technology Platform),10.1371/journal.pone.0158565,,3.057,Service,mathias.brannvall@medsci.uu.se,1932-6203,The De Novo Transcriptome and Its Functional Annotation in the Seed Beetle Callo...,"Sayadi A, Immonen E, ..., Arnqvist G",PLOS ONE,27442123
869,National Genomics Infrastructure,NGI Uppsala (SNP&SEQ Technology Platform),10.15252/embj.201593534,,9.643,Service,mathias.brannvall@medsci.uu.se,0261-4189 1460-2075 0261-4189 1460-2075,Parental epigenetic asymmetry of PRC2‐mediated histone modifications in the Arab...,"Moreno‐Romero J, Jiang H, ..., Köhler C",EMBO J,27113256
870,National Genomics Infrastructure,NGI Uppsala (SNP&SEQ Technology Platform),10.1534/g3.115.024299,,2.91,Service,mathias.brannvall@medsci.uu.se,2160-1836,Quantitative Trait Locus and Genetical Genomics Analysis Identifies Putatively C...,"Johnsson M, Jonsson KB, ..., Wright D",G3-GENES GENOM GENET,26637433
873,National Genomics Infrastructure,NGI Uppsala (SNP&SEQ Technology Platform),10.18632/oncotarget.11773,,5.008,Collaborative,mathias.brannvall@medsci.uu.se,1949-2553,Deep targeted sequencing in pediatric acute lymphoblastic leukemia unveils disti...,"Mårten Lindqvist C, Lundmark A, ..., Syvänen A",ONCOTARGET,27590521
875,National Genomics Infrastructure,NGI Uppsala (SNP&SEQ Technology Platform),10.2217/epi-2016-0044,,4.044,Service,mathias.brannvall@medsci.uu.se,1750-1911 1750-192X,Epigenome-wide analysis of DNA methylation reveals a rectal cancer-specific epig...,"Vymetalkova V, Vodicka P, ..., Farkas SA",EPIGENOMICS-UK,27529132
883,National Genomics Infrastructure,NGI Uppsala (SNP&SEQ Technology Platform),10.3109/00365521.2016.1166519,,2.199,Service,mathias.brannvall@medsci.uu.se,0036-5521 1502-7708,A genetic variant in proximity to the gene LYPLAL1 is associated with lower hung...,"Bandstein M, Mwinyi J, ..., Schiöth HB",SCAND J GASTROENTERO,27181159
886,National Genomics Infrastructure,NGI Uppsala (SNP&SEQ Technology Platform),10.3389/fnhum.2016.00052,,3.634,Service,mathias.brannvall@medsci.uu.se,1662-5161,"Resting-State Brain and the FTO Obesity Risk Allele: Default Mode, Sensorimotor,...","Olivo G, Wiemerslage L, ..., Schiöth HB",FRONT HUM NEUROSCI,26924971
890,National Genomics Infrastructure,NGI Uppsala (SNP&SEQ Technology Platform),10.3945/ajcn.116.130252,,6.703,Service,mathias.brannvall@medsci.uu.se,0002-9165 1938-3207,Genetic and environmental effects on body mass index from infancy to the onset o...,"Silventoinen K, Jelenkovic A, ..., Kaprio J",AM J CLIN NUTR,27413137
893,National Genomics Infrastructure,NGI Uppsala (Uppsala Genome Center),10.1007/s11557-016-1199-3,,1.572,Service,Olga.Pettersson@igp.uu.se,1617-416X 1861-8952,Scolytus multistriatus associated with Dutch elm disease on the island of Gotlan...,"Menkis A, Östbrant I, ..., Vasaitis R",MYCOL PROG,
896,National Genomics Infrastructure,NGI Uppsala (Uppsala Genome Center),10.1016/j.ecss.2016.06.016,,2.335,Service,Olga.Pettersson@igp.uu.se,0272-7714,Regional genetic differentiation in the blue mussel from the Baltic Sea area,"Larsson J, Lind E, ..., Lönn M",ESTUAR COAST SHELF S,
898,National Genomics Infrastructure,NGI Uppsala (Uppsala Genome Center),10.1016/j.foreco.2016.08.006,,2.826,Service,Olga.Pettersson@igp.uu.se,0378-1127,Long-term effects of tree harvesting on ectomycorrhizal fungal communities in bo...,"Varenius K, Kårén O, ..., Dahlberg A",FOREST ECOL MANAG,
902,National Genomics Infrastructure,NGI Uppsala (Uppsala Genome Center),10.1016/j.myc.2016.02.001,,1.165,Service,Olga.Pettersson@igp.uu.se,1340-3540,DNA-metabarcoding uncovers the diversity of soil-inhabiting fungi in the tropica...,"Urbina H, Scofield DG, ..., Rosling A",MYCOSCIENCE,
909,National Genomics Infrastructure,NGI Uppsala (Uppsala Genome Center),10.1038/npjsba.2016.5,,Kan inte hitta,Service,Olga.Pettersson@igp.uu.se,2056-7189,Regulation of amino-acid metabolism controls flux to lipid accumulation in Yarro...,"Kerkhoven EJ, Pomraning KR, ..., Nielsen J",,
915,National Genomics Infrastructure,NGI Uppsala (Uppsala Genome Center),10.1111/efp.12236,,1.437,Service,Olga.Pettersson@igp.uu.se,1437-4781,"Analyses of the ash dieback pathogen,Hymenoscyphus fraxineus, suggest role of tr...","Nguyen DT, Cleary MR, ..., Stenlid J",FOREST PATHOL,
917,National Genomics Infrastructure,NGI Uppsala (Uppsala Genome Center),10.1111/jzs.12127,,1.821,Service,Olga.Pettersson@igp.uu.se,0947-5745,"Assessing the taxonomic status ofOsmoderma cristinae(Coleoptera: Scarabaeidae), ...","Zauli A, Carpaneto GM, ..., Svensson GP",J ZOOL SYST EVOL RES,
918,National Genomics Infrastructure,NGI Uppsala (Uppsala Genome Center),10.1111/mec.13797,,5.947,Service,Olga.Pettersson@igp.uu.se,0962-1083,Genetic rescue in a severely inbred wolf population,"Åkesson M, Liberg O, ..., Flagstad Ø",MOL ECOL,27497431
919,National Genomics Infrastructure,NGI Uppsala (Uppsala Genome Center),10.1111/nph.13946,,7.21,Service,Olga.Pettersson@igp.uu.se,0028-646X,Phytophthora infestansArgonaute 1 binds microRNA and small RNAs from effector ge...,"Åsman AKM, Fogelqvist J, ..., Dixelius C",NEW PHYTOL,27010746
925,National Genomics Infrastructure,NGI Uppsala (Uppsala Genome Center),10.1158/1538-7445.AM2016-2473,,8.556,Service,Olga.Pettersson@igp.uu.se,0008-5472 1538-7445,Abstract 2473: Combined BET-bromodomain and CDK2 inhibition in MYC-driven medull...,"Bolin S, Borgenvik A, ..., Swartling FJ",CANCER RES,
926,National Genomics Infrastructure,NGI Uppsala (Uppsala Genome Center),10.1158/1538-7445.AM2016-2688,,8.556,Collaborative,Olga.Pettersson@igp.uu.se,0008-5472 1538-7445,Abstract 2688: A forward genetics screen of murine brain tumors identifies novel...,"Cancer M, Weishaupt H, ..., Swartling FJ",CANCER RES,
933,National Genomics Infrastructure,NGI Uppsala (Uppsala Genome Center),10.1186/s40793-016-0199-x,,1.594,Service,Olga.Pettersson@igp.uu.se,1944-3277,"Complete genome sequence of Methanoculleus bourgensis strain MAB1, the syntrophi...","Manzoor S, Schnürer A, ..., Müller B",STAND GENOMIC SCI,27777650
943,National Genomics Infrastructure,NGI Uppsala (Uppsala Genome Center),10.18632/oncotarget.6843,,5.008,Service,Olga.Pettersson@igp.uu.se,1949-2553,Genome-wide profiling of histone H3 lysine 27 and lysine 4 trimethylation in mul...,,ONCOTARGET,26755663
948,National Genomics Infrastructure,NGI Uppsala (Uppsala Genome Center),10.2337/db16-0616,,8.784,Service,Olga.Pettersson@igp.uu.se,0012-1797 1939-327X,Expression of Interferon-Stimulated Genes in Insulitic Pancreatic Islets of Pati...,"Lundberg M, Krogvold L, ..., Skog O",DIABETES,27422384
949,National Genomics Infrastructure,NGI Uppsala (Uppsala Genome Center),10.3389/fnhum.2016.00052,,3.634,Service,Olga.Pettersson@igp.uu.se,1662-5161,"Resting-State Brain and the FTO Obesity Risk Allele: Default Mode, Sensorimotor,...","Olivo G, Wiemerslage L, ..., Schiöth HB",FRONT HUM NEUROSCI,26924971
964,Next-Generation Diagnostics,Clinical Genomics,10.1002/ajmg.a.37387,,2.082,Service,valtteri.wirta@scilifelab.se,1552-4825,Pathogenenic variant in theCOL2A1gene is associated with Spondyloepiphyseal dysp...,"Hammarsjö A, Nordgren A, ..., Grigelioniene G",AM J MED GENET A,26420734
967,Next-Generation Diagnostics,Clinical Genomics,10.1016/j.ajhg.2016.02.004,,10.794,Service,valtteri.wirta@scilifelab.se,0002-9297,Disruption of POGZ Is Associated with Intellectual Disability and Autism Spectru...,"Stessman HA, Willemsen MH, ..., Kleefstra T",AM J HUM GENET,26942287
973,Next-Generation Diagnostics,Clinical Genomics,10.1111/jdv.13806,,3.029,Service,valtteri.wirta@scilifelab.se,0926-9959,The tight junction gene Claudin-1 is associated with atopic dermatitis among Eth...,"Asad S, Winge M, ..., Bradley M",J EUR ACAD DERMATOL,27581203
974,Next-Generation Diagnostics,Clinical Genomics,10.1111/joim.12399,,7.803,Service,valtteri.wirta@scilifelab.se,0954-6820,Exome and genome sequencing: a revolution for the discovery and diagnosis of mon...,"Stranneheim H, Wedell A",J INTERN MED,26250718
976,Next-Generation Diagnostics,Clinical Genomics,10.1128/genomeA.00552-16,,1.18,Collaborative,lars.engstrand@scilifelab.se,2169-8287,Draft Genome Sequence of Moraxella catarrhalis Type Strain CCUG 353 T,"Jakobsson HE, Salvà-Serra F, ..., Moore ERB",,27313296
987,Next-Generation Diagnostics,Integrative Clinical Genomics,10.1128/genomeA.00175-16,,1.18,Collaborative,per.sikora@gu.se,2169-8287,Draft Genome Sequence of Streptococcus gordonii Type Strain CCUG 33482 T,"Salvà-Serra F, Jakobsson HE, ..., Moore ERB",,27013051
988,Next-Generation Diagnostics,Integrative Clinical Genomics,10.1128/genomeA.00552-16,,1.18,Collaborative,per.sikora@gu.se,2169-8287,Draft Genome Sequence of Moraxella catarrhalis Type Strain CCUG 353 T,"Jakobsson HE, Salvà-Serra F, ..., Moore ERB",,27313296
1006,Regional,Bioinformatics and Expression Analysis (BEA),10.1016/j.gdata.2015.11.025,,0.52,Service,fredrik.fagerstrom-billai@ki.se,2213-5960,mRNA and microRNA transcriptomics analyses in a murine model of dystrophin loss ...,"Roberts TC, Blomberg KEM, ..., Wood MJ",,26981371
1007,Regional,Bioinformatics and Expression Analysis (BEA),10.1038/ncomms12321,,11.329,Service,fredrik.fagerstrom-billai@ki.se,2041-1723,Stromal Hedgehog signalling is downregulated in colon cancer and its restoration...,"Gerling M, Büller NVJA, ..., Toftgård R",NAT COMMUN,27492255
1019,Regional,BioMaterial Interactions (BioMat),10.1021/acsbiomaterials.6b00484,,Not Available,Collaborative,marjam.ott@angstrom.uu.se,2373-9878 2373-9878,Hyperelastic Nanocellulose-Reinforced Hydrogel of High Water Content for Ophthal...,"Tummala GK, Joffre T, ..., Mihranyan A",ACS BIOMATER-SCI ENG,
1020,Regional,BioMaterial Interactions (BioMat),10.1021/acssensors.6b00379,,Kan inte hitta,Collaborative,marjam.ott@angstrom.uu.se,2379-3694 2379-3694,Rapid Newcastle Disease Virus Detection Based on Loop-Mediated Isothermal Amplif...,"Tian B, Ma J, ..., Strömberg M",,
1034,Regional,"Mass Spectrometry-based Proteomics, Uppsala",10.1038/srep33170,,5.228,Service,margareta.ramstrom@kemi.uu.se,2045-2322,The infectious particle of insect-borne totivirus-like Omono River virus has rai...,"Okamoto K, Miyazaki N, ..., Hajdu J",SCI REP-UK,27616740
1044,Regional,Zebrafish,10.1016/j.stemcr.2015.12.004,,7.023,Collaborative,katarina.garpenstrand@scilifelab.uu.se,2213-6711,BMP Sustains Embryonic Stem Cell Self-Renewal through Distinct Functions of Diff...,"Morikawa M, Koinuma D, ..., Miyazono K",STEM CELL REP,26771354
1045,Regional,Zebrafish,10.1038/nprot.2016.141,,9.646,Technology development,katarina.garpenstrand@scilifelab.uu.se,1754-2189 1750-2799,A high-throughput functional genomics workflow based on CRISPR/Cas9-mediated tar...,"Varshney GK, Carrington B, ..., Burgess SM",NAT PROTOC,27809318
1070,Structural Biology,Protein Science Facility,10.1158/0008-5472.CAN-16-0584,,8.556,Service,helena.berglund@ki.se,0008-5472 1538-7445,NUDT15 Hydrolyzes 6-Thio-DeoxyGTP to Mediate the Anticancer Efficacy of 6-Thiogu...,"Valerie NCK, Hagenkort A, ..., Helleday T",CANCER RES,27530327
1078,Structural Biology,Swedish NMR Centre (SNC),10.1002/slct.201601468,,0,Collaborative,goran.karlsson@nmr.gu.se,2365-6549,Combined Solution- and Magic Angle Spinning NMR Reveals Regions of Distinct Dyna...,"Lendel C, Sparrman T, ..., Härd T",,
1080,Structural Biology,Swedish NMR Centre (SNC),10.1007/s12155-015-9698-7,,3.309,Collaborative,goran.karlsson@nmr.gu.se,1939-1234 1939-1242,Biochemical Conversion of Torrefied Norway Spruce After Pretreatment with Acid o...,"Normark M, Pommer L, ..., Jönsson LJ",BIOENERG RES,
1082,Structural Biology,Swedish NMR Centre (SNC),10.1016/j.bbamem.2016.03.003,,3.687,Collaborative,goran.karlsson@nmr.gu.se,0005-2736,The oxidized phospholipid PazePC promotes permeabilization of mitochondrial memb...,"Lidman M, Pokorná Š, ..., Gröbner G",BBA-BIOMEMBRANES,26947183
1083,Structural Biology,Swedish NMR Centre (SNC),10.1016/j.biombioe.2016.09.004,,3.249,Service,goran.karlsson@nmr.gu.se,0961-9534,Using 2D NMR to characterize the structure of the low and high molecular weight ...,"Mattsson C, Andersson S, ..., Theliander H",BIOMASS BIOENERG,
1084,Structural Biology,Swedish NMR Centre (SNC),10.1016/j.bpj.2015.11.387,,3.632,Collaborative,goran.karlsson@nmr.gu.se,0006-3495,Dynamical and Structural Alterations withing Lipid-Protein Assemblies Control Ap...,"Dingeldein AP, Lidman M, ..., Gröbner G",BIOPHYS J,
1088,Structural Biology,Swedish NMR Centre (SNC),10.1016/j.cej.2016.03.103,,5.31,Collaborative,goran.karlsson@nmr.gu.se,1385-8947,In quest for the optimal delignification of lignocellulosic biomass using hydrat...,"Anugwom I, Rujana L, ..., Mikkola J",CHEM ENG J,
1090,Structural Biology,Swedish NMR Centre (SNC),10.1016/j.colsurfa.2016.01.008,,2.76,Service,goran.karlsson@nmr.gu.se,0927-7757,An Ouzo emulsion of toluene in water characterized by NMR diffusometry and stati...,"Tehrani-Bagha AR, Viladot A, ..., Nordstierna L",COLLOID SURFACE A,
1096,Structural Biology,Swedish NMR Centre (SNC),10.1021/jacs.6b03842,,13.038,Service,goran.karlsson@nmr.gu.se,0002-7863 1520-5126,Substituent Effects on the [N–I–N]+Halogen Bond,"Carlsson AC, Mehmeti K, ..., Erdélyi M",J AM CHEM SOC,27265247
1097,Structural Biology,Swedish NMR Centre (SNC),10.1038/ncomms13634,,11.329,Collaborative,goran.karlsson@nmr.gu.se,2041-1723,An oxygen-sensitive toxin–antitoxin system,"Marimon O, Teixeira JMC, ..., Pons M",NAT COMMUN,27929062
1100,Structural Biology,Swedish NMR Centre (SNC),10.1039/C6CP02970A,,4.449,Service,goran.karlsson@nmr.gu.se,1463-9076 1463-9084,Delineating the conformational flexibility of trisaccharides from NMR spectrosco...,"Yang M, Angles d’Ortoli T, ..., MacKerell AD",PHYS CHEM CHEM PHYS,27346493
1110,Structural Biology,Swedish NMR Centre (SNC),10.1038/srep29232,,5.228,Collaborative,goran.karlsson@nmr.gu.se,2045-2322,A C2HC zinc finger is essential for the RING-E2 interaction of the ubiquitin lig...,"Bijlmakers M, Teixeira JMC, ..., Crosas B",SCI REP-UK,27411375
1111,Structural Biology,Swedish NMR Centre (SNC),10.3390/diseases4010003,,Kan inte hitta,Service,goran.karlsson@nmr.gu.se,2079-9721,Phytoconstituents with Radical Scavenging and Cytotoxic Activities from Diospyro...,"Aronsson P, Munissi J, ..., Erdelyi M",,
